stage,seconds,percentOfProcess,percentOfSteps
recoverySeconds,20143.168284993,85.34040247301228,85.80281841593882
transportSeconds,1562.743504167,6.620863099627511,6.656738166588555
cflSeconds,1097.820223891,4.651126298719841,4.676328370549455
backupSeconds,582.605520544,2.468320221663732,2.4816947850553945
conservationSeconds,34.92071389,0.14794831358469912,0.14874996973990995
diagnosticsSeconds,54.759416331,0.23199878801372006,0.2332558706522875
sourceSeconds,0.0,0.0,0.0
otherSeconds,0.09729006200010576,0.00041218803964910764,0.000414421475577391
outsideAcceptedSteps,127.20504612199875,0.5389286173385724,
